{
  "invoices": [
    {
      "id": 1,
      "total": 100.00,
      "items": [
        {
          "name": "item 1",
          "quantity": 2,
          "price": 50.00
        },
        {
          "name": "item 2",
          "quantity": 1,
          "price": 50.00
        }
      ]
    },
    {
      "id": 2,
      "total": 200.00,
      "items": [
        {
          "name": "item 3",
          "quantity": 1,
          "price": 200.00
        }
      ]
    }
  ]
}